engine,clip,buffer_s,decode_ms
"parakeet-tdt-0.6b-v3-mlx(ctx=256,d=1)",h01,0.48,333
"parakeet-tdt-0.6b-v3-mlx(ctx=256,d=1)",h01,0.96,268
"parakeet-tdt-0.6b-v3-mlx(ctx=256,d=1)",h01,1.44,270
"parakeet-tdt-0.6b-v3-mlx(ctx=256,d=1)",h01,1.92,277
"parakeet-tdt-0.6b-v3-mlx(ctx=256,d=1)",h01,2.4,280
"parakeet-tdt-0.6b-v3-mlx(ctx=256,d=1)",h01,2.88,305
"parakeet-tdt-0.6b-v3-mlx(ctx=256,d=1)",h01,3.37,303
"parakeet-tdt-0.6b-v3-mlx(ctx=256,d=1)",h01,3.84,326
"parakeet-tdt-0.6b-v3-mlx(ctx=256,d=1)",h01,4.32,324
"parakeet-tdt-0.6b-v3-mlx(ctx=256,d=1)",h01,4.8,325
"parakeet-tdt-0.6b-v3-mlx(ctx=256,d=1)",h01,5.28,414
"parakeet-tdt-0.6b-v3-mlx(ctx=256,d=1)",h02,0.48,325
"parakeet-tdt-0.6b-v3-mlx(ctx=256,d=1)",h02,0.96,284
"parakeet-tdt-0.6b-v3-mlx(ctx=256,d=1)",h02,1.45,282
"parakeet-tdt-0.6b-v3-mlx(ctx=256,d=1)",h02,1.93,284
"parakeet-tdt-0.6b-v3-mlx(ctx=256,d=1)",h02,2.4,286
"parakeet-tdt-0.6b-v3-mlx(ctx=256,d=1)",h02,2.88,297
"parakeet-tdt-0.6b-v3-mlx(ctx=256,d=1)",h02,3.37,314
"parakeet-tdt-0.6b-v3-mlx(ctx=256,d=1)",h02,3.85,312
"parakeet-tdt-0.6b-v3-mlx(ctx=256,d=1)",h02,4.32,327
"parakeet-tdt-0.6b-v3-mlx(ctx=256,d=1)",h02,4.8,327
"parakeet-tdt-0.6b-v3-mlx(ctx=256,d=1)",h02,5.29,371
"parakeet-tdt-0.6b-v3-mlx(ctx=256,d=1)",h02,5.76,364
"parakeet-tdt-0.6b-v3-mlx(ctx=256,d=1)",h02,6.25,355
"parakeet-tdt-0.6b-v3-mlx(ctx=256,d=1)",h02,6.72,370
"parakeet-tdt-0.6b-v3-mlx(ctx=256,d=1)",h02,7.09,360
"parakeet-tdt-0.6b-v3-mlx(ctx=256,d=1)",h03,0.48,289
"parakeet-tdt-0.6b-v3-mlx(ctx=256,d=1)",h03,0.96,270
"parakeet-tdt-0.6b-v3-mlx(ctx=256,d=1)",h03,1.45,271
"parakeet-tdt-0.6b-v3-mlx(ctx=256,d=1)",h03,1.93,282
"parakeet-tdt-0.6b-v3-mlx(ctx=256,d=1)",h03,2.4,292
"parakeet-tdt-0.6b-v3-mlx(ctx=256,d=1)",h03,2.88,302
"parakeet-tdt-0.6b-v3-mlx(ctx=256,d=1)",h03,3.37,318
"parakeet-tdt-0.6b-v3-mlx(ctx=256,d=1)",h03,3.85,328
"parakeet-tdt-0.6b-v3-mlx(ctx=256,d=1)",h03,4.32,335
"parakeet-tdt-0.6b-v3-mlx(ctx=256,d=1)",h03,4.66,328
"parakeet-tdt-0.6b-v3-mlx(ctx=256,d=1)",h04,0.48,311
"parakeet-tdt-0.6b-v3-mlx(ctx=256,d=1)",h04,0.96,273
"parakeet-tdt-0.6b-v3-mlx(ctx=256,d=1)",h04,1.44,273
"parakeet-tdt-0.6b-v3-mlx(ctx=256,d=1)",h04,1.92,272
"parakeet-tdt-0.6b-v3-mlx(ctx=256,d=1)",h04,2.4,286
"parakeet-tdt-0.6b-v3-mlx(ctx=256,d=1)",h04,2.88,300
"parakeet-tdt-0.6b-v3-mlx(ctx=256,d=1)",h04,3.36,301
"parakeet-tdt-0.6b-v3-mlx(ctx=256,d=1)",h04,3.85,306
"parakeet-tdt-0.6b-v3-mlx(ctx=256,d=1)",h04,4.33,307
"parakeet-tdt-0.6b-v3-mlx(ctx=256,d=1)",h04,4.8,317
"parakeet-tdt-0.6b-v3-mlx(ctx=256,d=1)",h04,5.28,346
"parakeet-tdt-0.6b-v3-mlx(ctx=256,d=1)",h04,5.76,349
"parakeet-tdt-0.6b-v3-mlx(ctx=256,d=1)",h04,6.25,353
"parakeet-tdt-0.6b-v3-mlx(ctx=256,d=1)",h04,6.72,348
"parakeet-tdt-0.6b-v3-mlx(ctx=256,d=1)",h04,7.2,360
"parakeet-tdt-0.6b-v3-mlx(ctx=256,d=1)",h04,7.68,372
"parakeet-tdt-0.6b-v3-mlx(ctx=256,d=1)",h04,8.16,387
"parakeet-tdt-0.6b-v3-mlx(ctx=256,d=1)",h04,8.64,391
"parakeet-tdt-0.6b-v3-mlx(ctx=256,d=1)",h04,9.04,388
"parakeet-tdt-0.6b-v3-mlx(ctx=256,d=1)",h05,0.48,332
"parakeet-tdt-0.6b-v3-mlx(ctx=256,d=1)",h05,0.96,280
"parakeet-tdt-0.6b-v3-mlx(ctx=256,d=1)",h05,1.44,286
"parakeet-tdt-0.6b-v3-mlx(ctx=256,d=1)",h05,1.92,299
"parakeet-tdt-0.6b-v3-mlx(ctx=256,d=1)",h05,2.4,292
"parakeet-tdt-0.6b-v3-mlx(ctx=256,d=1)",h05,2.88,295
"parakeet-tdt-0.6b-v3-mlx(ctx=256,d=1)",h05,3.37,314
"parakeet-tdt-0.6b-v3-mlx(ctx=256,d=1)",h05,3.85,327
"parakeet-tdt-0.6b-v3-mlx(ctx=256,d=1)",h05,4.32,334
"parakeet-tdt-0.6b-v3-mlx(ctx=256,d=1)",h05,4.8,339
"parakeet-tdt-0.6b-v3-mlx(ctx=256,d=1)",h05,5.14,339
"parakeet-tdt-0.6b-v3-mlx(ctx=256,d=1)",h06,0.48,307
"parakeet-tdt-0.6b-v3-mlx(ctx=256,d=1)",h06,0.96,280
"parakeet-tdt-0.6b-v3-mlx(ctx=256,d=1)",h06,1.45,285
"parakeet-tdt-0.6b-v3-mlx(ctx=256,d=1)",h06,1.93,286
"parakeet-tdt-0.6b-v3-mlx(ctx=256,d=1)",h06,2.4,292
"parakeet-tdt-0.6b-v3-mlx(ctx=256,d=1)",h06,2.88,311
"parakeet-tdt-0.6b-v3-mlx(ctx=256,d=1)",h06,3.37,321
"parakeet-tdt-0.6b-v3-mlx(ctx=256,d=1)",h06,3.84,335
"parakeet-tdt-0.6b-v3-mlx(ctx=256,d=1)",h06,4.33,345
"parakeet-tdt-0.6b-v3-mlx(ctx=256,d=1)",h06,4.8,345
"parakeet-tdt-0.6b-v3-mlx(ctx=256,d=1)",h06,5.29,368
"parakeet-tdt-0.6b-v3-mlx(ctx=256,d=1)",h06,5.65,361
"parakeet-tdt-0.6b-v3-mlx(ctx=256,d=1)",h07,0.48,313
"parakeet-tdt-0.6b-v3-mlx(ctx=256,d=1)",h07,0.96,273
"parakeet-tdt-0.6b-v3-mlx(ctx=256,d=1)",h07,1.45,279
"parakeet-tdt-0.6b-v3-mlx(ctx=256,d=1)",h07,1.92,281
"parakeet-tdt-0.6b-v3-mlx(ctx=256,d=1)",h07,2.4,287
"parakeet-tdt-0.6b-v3-mlx(ctx=256,d=1)",h07,2.88,301
"parakeet-tdt-0.6b-v3-mlx(ctx=256,d=1)",h07,3.36,310
"parakeet-tdt-0.6b-v3-mlx(ctx=256,d=1)",h07,3.85,314
"parakeet-tdt-0.6b-v3-mlx(ctx=256,d=1)",h07,4.33,314
"parakeet-tdt-0.6b-v3-mlx(ctx=256,d=1)",h07,4.8,322
"parakeet-tdt-0.6b-v3-mlx(ctx=256,d=1)",h07,5.28,342
"parakeet-tdt-0.6b-v3-mlx(ctx=256,d=1)",h07,5.76,346
"parakeet-tdt-0.6b-v3-mlx(ctx=256,d=1)",h07,6.25,366
"parakeet-tdt-0.6b-v3-mlx(ctx=256,d=1)",h07,6.72,365
"parakeet-tdt-0.6b-v3-mlx(ctx=256,d=1)",h08,0.48,317
"parakeet-tdt-0.6b-v3-mlx(ctx=256,d=1)",h08,0.96,273
"parakeet-tdt-0.6b-v3-mlx(ctx=256,d=1)",h08,1.44,284
"parakeet-tdt-0.6b-v3-mlx(ctx=256,d=1)",h08,1.92,285
"parakeet-tdt-0.6b-v3-mlx(ctx=256,d=1)",h08,2.4,289
"parakeet-tdt-0.6b-v3-mlx(ctx=256,d=1)",h08,2.88,310
"parakeet-tdt-0.6b-v3-mlx(ctx=256,d=1)",h08,3.37,318
"parakeet-tdt-0.6b-v3-mlx(ctx=256,d=1)",h08,3.84,323
"parakeet-tdt-0.6b-v3-mlx(ctx=256,d=1)",h08,4.32,338
"parakeet-tdt-0.6b-v3-mlx(ctx=256,d=1)",h08,4.8,334
"parakeet-tdt-0.6b-v3-mlx(ctx=256,d=1)",h08,5.28,361
"parakeet-tdt-0.6b-v3-mlx(ctx=256,d=1)",h08,5.64,363
"parakeet-tdt-0.6b-v3-mlx(ctx=256,d=1)",h09,0.48,322
"parakeet-tdt-0.6b-v3-mlx(ctx=256,d=1)",h09,0.96,283
"parakeet-tdt-0.6b-v3-mlx(ctx=256,d=1)",h09,1.44,288
"parakeet-tdt-0.6b-v3-mlx(ctx=256,d=1)",h09,1.93,284
"parakeet-tdt-0.6b-v3-mlx(ctx=256,d=1)",h09,2.4,312
"parakeet-tdt-0.6b-v3-mlx(ctx=256,d=1)",h09,2.88,319
"parakeet-tdt-0.6b-v3-mlx(ctx=256,d=1)",h09,3.37,341
"parakeet-tdt-0.6b-v3-mlx(ctx=256,d=1)",h09,3.84,338
"parakeet-tdt-0.6b-v3-mlx(ctx=256,d=1)",h09,4.33,352
"parakeet-tdt-0.6b-v3-mlx(ctx=256,d=1)",h09,4.8,350
"parakeet-tdt-0.6b-v3-mlx(ctx=256,d=1)",h09,5.16,415
"parakeet-tdt-0.6b-v3-mlx(ctx=256,d=1)",h10,0.48,320
"parakeet-tdt-0.6b-v3-mlx(ctx=256,d=1)",h10,0.96,269
"parakeet-tdt-0.6b-v3-mlx(ctx=256,d=1)",h10,1.45,275
"parakeet-tdt-0.6b-v3-mlx(ctx=256,d=1)",h10,1.92,269
"parakeet-tdt-0.6b-v3-mlx(ctx=256,d=1)",h10,2.4,284
"parakeet-tdt-0.6b-v3-mlx(ctx=256,d=1)",h10,2.88,297
"parakeet-tdt-0.6b-v3-mlx(ctx=256,d=1)",h10,3.37,299
"parakeet-tdt-0.6b-v3-mlx(ctx=256,d=1)",h10,3.85,299
"parakeet-tdt-0.6b-v3-mlx(ctx=256,d=1)",h10,4.33,308
"parakeet-tdt-0.6b-v3-mlx(ctx=256,d=1)",h10,4.8,328
"parakeet-tdt-0.6b-v3-mlx(ctx=256,d=1)",h10,5.29,356
"parakeet-tdt-0.6b-v3-mlx(ctx=256,d=1)",h10,5.76,354
"parakeet-tdt-0.6b-v3-mlx(ctx=256,d=1)",h10,6.24,370
"parakeet-tdt-0.6b-v3-mlx(ctx=256,d=1)",h10,6.72,372
"parakeet-tdt-0.6b-v3-mlx(ctx=256,d=1)",h10,7.2,369
"parakeet-tdt-0.6b-v3-mlx(ctx=256,d=1)",h10,7.57,380
"parakeet-tdt-0.6b-v3-mlx(ctx=256,d=1)",h11,0.48,331
"parakeet-tdt-0.6b-v3-mlx(ctx=256,d=1)",h11,0.96,277
"parakeet-tdt-0.6b-v3-mlx(ctx=256,d=1)",h11,1.45,289
"parakeet-tdt-0.6b-v3-mlx(ctx=256,d=1)",h11,1.92,288
"parakeet-tdt-0.6b-v3-mlx(ctx=256,d=1)",h11,2.4,298
"parakeet-tdt-0.6b-v3-mlx(ctx=256,d=1)",h11,2.88,287
"parakeet-tdt-0.6b-v3-mlx(ctx=256,d=1)",h11,3.37,321
"parakeet-tdt-0.6b-v3-mlx(ctx=256,d=1)",h11,3.84,321
"parakeet-tdt-0.6b-v3-mlx(ctx=256,d=1)",h11,4.33,328
"parakeet-tdt-0.6b-v3-mlx(ctx=256,d=1)",h11,4.8,327
"parakeet-tdt-0.6b-v3-mlx(ctx=256,d=1)",h12,0.48,292
"parakeet-tdt-0.6b-v3-mlx(ctx=256,d=1)",h12,0.96,268
"parakeet-tdt-0.6b-v3-mlx(ctx=256,d=1)",h12,1.44,272
"parakeet-tdt-0.6b-v3-mlx(ctx=256,d=1)",h12,1.92,281
"parakeet-tdt-0.6b-v3-mlx(ctx=256,d=1)",h12,2.4,289
"parakeet-tdt-0.6b-v3-mlx(ctx=256,d=1)",h12,2.88,294
"parakeet-tdt-0.6b-v3-mlx(ctx=256,d=1)",h12,3.37,315
"parakeet-tdt-0.6b-v3-mlx(ctx=256,d=1)",h12,3.85,325
"parakeet-tdt-0.6b-v3-mlx(ctx=256,d=1)",h12,4.32,333
"parakeet-tdt-0.6b-v3-mlx(ctx=256,d=1)",h12,4.8,336
"parakeet-tdt-0.6b-v3-mlx(ctx=256,d=1)",h12,5.29,365
"parakeet-tdt-0.6b-v3-mlx(ctx=256,d=1)",h12,5.76,353
"parakeet-tdt-0.6b-v3-mlx(ctx=256,d=1)",h12,6.19,367
"parakeet-tdt-0.6b-v3-mlx(ctx=256,d=1)",h13,0.48,306
"parakeet-tdt-0.6b-v3-mlx(ctx=256,d=1)",h13,0.96,282
"parakeet-tdt-0.6b-v3-mlx(ctx=256,d=1)",h13,1.44,279
"parakeet-tdt-0.6b-v3-mlx(ctx=256,d=1)",h13,1.93,295
"parakeet-tdt-0.6b-v3-mlx(ctx=256,d=1)",h13,2.4,289
"parakeet-tdt-0.6b-v3-mlx(ctx=256,d=1)",h13,2.88,304
"parakeet-tdt-0.6b-v3-mlx(ctx=256,d=1)",h13,3.36,328
"parakeet-tdt-0.6b-v3-mlx(ctx=256,d=1)",h13,3.85,335
"parakeet-tdt-0.6b-v3-mlx(ctx=256,d=1)",h13,4.32,343
"parakeet-tdt-0.6b-v3-mlx(ctx=256,d=1)",h13,4.8,341
"parakeet-tdt-0.6b-v3-mlx(ctx=256,d=1)",h13,5.17,358
"parakeet-tdt-0.6b-v3-mlx(ctx=256,d=1)",h14,0.48,302
"parakeet-tdt-0.6b-v3-mlx(ctx=256,d=1)",h14,0.96,275
"parakeet-tdt-0.6b-v3-mlx(ctx=256,d=1)",h14,1.44,297
"parakeet-tdt-0.6b-v3-mlx(ctx=256,d=1)",h14,1.93,279
"parakeet-tdt-0.6b-v3-mlx(ctx=256,d=1)",h14,2.4,283
"parakeet-tdt-0.6b-v3-mlx(ctx=256,d=1)",h14,2.88,294
"parakeet-tdt-0.6b-v3-mlx(ctx=256,d=1)",h14,3.36,319
"parakeet-tdt-0.6b-v3-mlx(ctx=256,d=1)",h14,3.85,324
"parakeet-tdt-0.6b-v3-mlx(ctx=256,d=1)",h14,4.33,329
"parakeet-tdt-0.6b-v3-mlx(ctx=256,d=1)",h14,4.8,332
"parakeet-tdt-0.6b-v3-mlx(ctx=256,d=1)",h14,5.13,373
"parakeet-tdt-0.6b-v3-mlx(ctx=256,d=1)",h15,0.48,293
"parakeet-tdt-0.6b-v3-mlx(ctx=256,d=1)",h15,0.96,273
"parakeet-tdt-0.6b-v3-mlx(ctx=256,d=1)",h15,1.45,276
"parakeet-tdt-0.6b-v3-mlx(ctx=256,d=1)",h15,1.92,278
"parakeet-tdt-0.6b-v3-mlx(ctx=256,d=1)",h15,2.4,287
"parakeet-tdt-0.6b-v3-mlx(ctx=256,d=1)",h15,2.88,287
"parakeet-tdt-0.6b-v3-mlx(ctx=256,d=1)",h15,3.37,310
"parakeet-tdt-0.6b-v3-mlx(ctx=256,d=1)",h15,3.85,326
"parakeet-tdt-0.6b-v3-mlx(ctx=256,d=1)",h15,4.32,331
"parakeet-tdt-0.6b-v3-mlx(ctx=256,d=1)",h15,4.8,358
"parakeet-tdt-0.6b-v3-mlx(ctx=256,d=1)",h15,5.29,358
"parakeet-tdt-0.6b-v3-mlx(ctx=256,d=1)",h15,5.74,373
"parakeet-tdt-0.6b-v3-mlx(ctx=256,d=1)",h16,0.48,308
"parakeet-tdt-0.6b-v3-mlx(ctx=256,d=1)",h16,0.96,274
"parakeet-tdt-0.6b-v3-mlx(ctx=256,d=1)",h16,1.45,284
"parakeet-tdt-0.6b-v3-mlx(ctx=256,d=1)",h16,1.92,291
"parakeet-tdt-0.6b-v3-mlx(ctx=256,d=1)",h16,2.4,289
"parakeet-tdt-0.6b-v3-mlx(ctx=256,d=1)",h16,2.88,300
"parakeet-tdt-0.6b-v3-mlx(ctx=256,d=1)",h16,3.37,309
"parakeet-tdt-0.6b-v3-mlx(ctx=256,d=1)",h16,3.85,328
"parakeet-tdt-0.6b-v3-mlx(ctx=256,d=1)",h16,4.32,336
"parakeet-tdt-0.6b-v3-mlx(ctx=256,d=1)",h16,4.8,355
"parakeet-tdt-0.6b-v3-mlx(ctx=256,d=1)",h16,5.28,361
"parakeet-tdt-0.6b-v3-mlx(ctx=256,d=1)",h16,5.76,374
"parakeet-tdt-0.6b-v3-mlx(ctx=256,d=1)",h16,6.14,367
"parakeet-tdt-0.6b-v3-mlx(ctx=256,d=1)",h17,0.48,305
"parakeet-tdt-0.6b-v3-mlx(ctx=256,d=1)",h17,0.96,274
"parakeet-tdt-0.6b-v3-mlx(ctx=256,d=1)",h17,1.45,276
"parakeet-tdt-0.6b-v3-mlx(ctx=256,d=1)",h17,1.93,282
"parakeet-tdt-0.6b-v3-mlx(ctx=256,d=1)",h17,2.4,298
"parakeet-tdt-0.6b-v3-mlx(ctx=256,d=1)",h17,2.88,317
"parakeet-tdt-0.6b-v3-mlx(ctx=256,d=1)",h17,3.37,328
"parakeet-tdt-0.6b-v3-mlx(ctx=256,d=1)",h17,3.85,335
"parakeet-tdt-0.6b-v3-mlx(ctx=256,d=1)",h17,4.33,322
"parakeet-tdt-0.6b-v3-mlx(ctx=256,d=1)",h17,4.8,329
"parakeet-tdt-0.6b-v3-mlx(ctx=256,d=1)",h17,5.29,360
"parakeet-tdt-0.6b-v3-mlx(ctx=256,d=1)",h17,5.76,361
"parakeet-tdt-0.6b-v3-mlx(ctx=256,d=1)",h17,6.24,369
"parakeet-tdt-0.6b-v3-mlx(ctx=256,d=1)",h17,6.72,370
"parakeet-tdt-0.6b-v3-mlx(ctx=256,d=1)",h17,7.09,443
"parakeet-tdt-0.6b-v3-mlx(ctx=256,d=1)",h18,0.96,320
"parakeet-tdt-0.6b-v3-mlx(ctx=256,d=1)",h18,1.44,300
"parakeet-tdt-0.6b-v3-mlx(ctx=256,d=1)",h18,1.92,330
"parakeet-tdt-0.6b-v3-mlx(ctx=256,d=1)",h18,2.4,311
"parakeet-tdt-0.6b-v3-mlx(ctx=256,d=1)",h18,2.88,340
"parakeet-tdt-0.6b-v3-mlx(ctx=256,d=1)",h18,3.36,351
"parakeet-tdt-0.6b-v3-mlx(ctx=256,d=1)",h18,3.84,362
"parakeet-tdt-0.6b-v3-mlx(ctx=256,d=1)",h18,4.33,373
"parakeet-tdt-0.6b-v3-mlx(ctx=256,d=1)",h18,4.7,346
"parakeet-tdt-0.6b-v3-mlx(ctx=256,d=1)",h19,0.48,311
"parakeet-tdt-0.6b-v3-mlx(ctx=256,d=1)",h19,0.96,275
"parakeet-tdt-0.6b-v3-mlx(ctx=256,d=1)",h19,1.45,278
"parakeet-tdt-0.6b-v3-mlx(ctx=256,d=1)",h19,1.92,275
"parakeet-tdt-0.6b-v3-mlx(ctx=256,d=1)",h19,2.4,281
"parakeet-tdt-0.6b-v3-mlx(ctx=256,d=1)",h19,2.88,302
"parakeet-tdt-0.6b-v3-mlx(ctx=256,d=1)",h19,3.36,304
"parakeet-tdt-0.6b-v3-mlx(ctx=256,d=1)",h19,3.84,331
"parakeet-tdt-0.6b-v3-mlx(ctx=256,d=1)",h19,4.33,331
"parakeet-tdt-0.6b-v3-mlx(ctx=256,d=1)",h19,4.8,354
"parakeet-tdt-0.6b-v3-mlx(ctx=256,d=1)",h19,5.28,370
"parakeet-tdt-0.6b-v3-mlx(ctx=256,d=1)",h19,5.65,359
"parakeet-tdt-0.6b-v3-mlx(ctx=256,d=1)",h20,0.48,292
"parakeet-tdt-0.6b-v3-mlx(ctx=256,d=1)",h20,0.96,281
"parakeet-tdt-0.6b-v3-mlx(ctx=256,d=1)",h20,1.45,283
"parakeet-tdt-0.6b-v3-mlx(ctx=256,d=1)",h20,1.92,309
"parakeet-tdt-0.6b-v3-mlx(ctx=256,d=1)",h20,2.4,312
"parakeet-tdt-0.6b-v3-mlx(ctx=256,d=1)",h20,2.88,323
"parakeet-tdt-0.6b-v3-mlx(ctx=256,d=1)",h20,3.36,337
"parakeet-tdt-0.6b-v3-mlx(ctx=256,d=1)",h20,3.84,346
"parakeet-tdt-0.6b-v3-mlx(ctx=256,d=1)",h20,4.32,353
"parakeet-tdt-0.6b-v3-mlx(ctx=256,d=1)",h20,4.8,368
"parakeet-tdt-0.6b-v3-mlx(ctx=256,d=1)",h20,5.17,383
"parakeet-tdt-0.6b-v3-mlx(ctx=256,d=1)",t01,0.96,288
"parakeet-tdt-0.6b-v3-mlx(ctx=256,d=1)",t01,1.45,299
"parakeet-tdt-0.6b-v3-mlx(ctx=256,d=1)",t01,1.93,324
"parakeet-tdt-0.6b-v3-mlx(ctx=256,d=1)",t01,2.4,328
"parakeet-tdt-0.6b-v3-mlx(ctx=256,d=1)",t01,2.88,351
"parakeet-tdt-0.6b-v3-mlx(ctx=256,d=1)",t01,3.37,349
"parakeet-tdt-0.6b-v3-mlx(ctx=256,d=1)",t01,3.71,365
"parakeet-tdt-0.6b-v3-mlx(ctx=256,d=1)",t02,0.48,304
"parakeet-tdt-0.6b-v3-mlx(ctx=256,d=1)",t02,0.96,276
"parakeet-tdt-0.6b-v3-mlx(ctx=256,d=1)",t02,1.44,308
"parakeet-tdt-0.6b-v3-mlx(ctx=256,d=1)",t02,1.92,315
"parakeet-tdt-0.6b-v3-mlx(ctx=256,d=1)",t02,2.4,343
"parakeet-tdt-0.6b-v3-mlx(ctx=256,d=1)",t02,2.75,326
"parakeet-tdt-0.6b-v3-mlx(ctx=256,d=1)",t03,0.96,286
"parakeet-tdt-0.6b-v3-mlx(ctx=256,d=1)",t03,1.44,308
"parakeet-tdt-0.6b-v3-mlx(ctx=256,d=1)",t03,1.92,292
"parakeet-tdt-0.6b-v3-mlx(ctx=256,d=1)",t03,2.4,304
"parakeet-tdt-0.6b-v3-mlx(ctx=256,d=1)",t03,2.76,296
"parakeet-tdt-0.6b-v3-mlx(ctx=256,d=1)",t04,0.48,293
"parakeet-tdt-0.6b-v3-mlx(ctx=256,d=1)",t04,0.96,278
"parakeet-tdt-0.6b-v3-mlx(ctx=256,d=1)",t04,1.45,291
"parakeet-tdt-0.6b-v3-mlx(ctx=256,d=1)",t04,1.93,299
"parakeet-tdt-0.6b-v3-mlx(ctx=256,d=1)",t04,2.4,311
"parakeet-tdt-0.6b-v3-mlx(ctx=256,d=1)",t04,2.88,312
"parakeet-tdt-0.6b-v3-mlx(ctx=256,d=1)",t04,3.2,339
"parakeet-tdt-0.6b-v3-mlx(ctx=256,d=1)",t05,0.48,292
"parakeet-tdt-0.6b-v3-mlx(ctx=256,d=1)",t05,0.96,279
"parakeet-tdt-0.6b-v3-mlx(ctx=256,d=1)",t05,1.44,295
"parakeet-tdt-0.6b-v3-mlx(ctx=256,d=1)",t05,1.92,302
"parakeet-tdt-0.6b-v3-mlx(ctx=256,d=1)",t05,2.4,309
"parakeet-tdt-0.6b-v3-mlx(ctx=256,d=1)",t05,2.88,314
"parakeet-tdt-0.6b-v3-mlx(ctx=256,d=1)",t05,3.32,318
"parakeet-tdt-0.6b-v3-mlx(ctx=256,d=1)",e01,0.48,298
"parakeet-tdt-0.6b-v3-mlx(ctx=256,d=1)",e01,0.96,277
"parakeet-tdt-0.6b-v3-mlx(ctx=256,d=1)",e01,1.45,292
"parakeet-tdt-0.6b-v3-mlx(ctx=256,d=1)",e01,1.93,302
"parakeet-tdt-0.6b-v3-mlx(ctx=256,d=1)",e01,2.4,311
"parakeet-tdt-0.6b-v3-mlx(ctx=256,d=1)",e01,2.88,331
"parakeet-tdt-0.6b-v3-mlx(ctx=256,d=1)",e01,3.37,351
"parakeet-tdt-0.6b-v3-mlx(ctx=256,d=1)",e01,3.84,360
"parakeet-tdt-0.6b-v3-mlx(ctx=256,d=1)",e01,4.23,368
"parakeet-tdt-0.6b-v3-mlx(ctx=256,d=1)",e02,0.48,311
"parakeet-tdt-0.6b-v3-mlx(ctx=256,d=1)",e02,0.96,285
"parakeet-tdt-0.6b-v3-mlx(ctx=256,d=1)",e02,1.44,290
"parakeet-tdt-0.6b-v3-mlx(ctx=256,d=1)",e02,1.93,303
"parakeet-tdt-0.6b-v3-mlx(ctx=256,d=1)",e02,2.4,325
"parakeet-tdt-0.6b-v3-mlx(ctx=256,d=1)",e02,2.88,341
"parakeet-tdt-0.6b-v3-mlx(ctx=256,d=1)",e02,3.36,350
"parakeet-tdt-0.6b-v3-mlx(ctx=256,d=1)",e02,3.84,350
"parakeet-tdt-0.6b-v3-mlx(ctx=256,d=1)",e02,4.32,357
"parakeet-tdt-0.6b-v3-mlx(ctx=256,d=1)",e02,4.68,351
"parakeet-tdt-0.6b-v3-mlx(ctx=256,d=1)",e03,0.48,307
"parakeet-tdt-0.6b-v3-mlx(ctx=256,d=1)",e03,0.96,282
"parakeet-tdt-0.6b-v3-mlx(ctx=256,d=1)",e03,1.44,297
"parakeet-tdt-0.6b-v3-mlx(ctx=256,d=1)",e03,1.92,313
"parakeet-tdt-0.6b-v3-mlx(ctx=256,d=1)",e03,2.4,332
"parakeet-tdt-0.6b-v3-mlx(ctx=256,d=1)",e03,2.88,346
"parakeet-tdt-0.6b-v3-mlx(ctx=256,d=1)",e03,3.36,357
"parakeet-tdt-0.6b-v3-mlx(ctx=256,d=1)",e03,3.85,348
"parakeet-tdt-0.6b-v3-mlx(ctx=256,d=1)",e03,4.31,367
"parakeet-tdt-0.6b-v3-mlx(ctx=256,d=1)",e04,0.48,309
"parakeet-tdt-0.6b-v3-mlx(ctx=256,d=1)",e04,0.96,279
"parakeet-tdt-0.6b-v3-mlx(ctx=256,d=1)",e04,1.44,283
"parakeet-tdt-0.6b-v3-mlx(ctx=256,d=1)",e04,1.93,296
"parakeet-tdt-0.6b-v3-mlx(ctx=256,d=1)",e04,2.4,305
"parakeet-tdt-0.6b-v3-mlx(ctx=256,d=1)",e04,2.88,326
"parakeet-tdt-0.6b-v3-mlx(ctx=256,d=1)",e04,3.37,321
"parakeet-tdt-0.6b-v3-mlx(ctx=256,d=1)",e04,3.8,326
"parakeet-tdt-0.6b-v3-mlx(ctx=256,d=1)",e05,0.48,300
"parakeet-tdt-0.6b-v3-mlx(ctx=256,d=1)",e05,0.96,278
"parakeet-tdt-0.6b-v3-mlx(ctx=256,d=1)",e05,1.45,293
"parakeet-tdt-0.6b-v3-mlx(ctx=256,d=1)",e05,1.93,308
"parakeet-tdt-0.6b-v3-mlx(ctx=256,d=1)",e05,2.4,324
"parakeet-tdt-0.6b-v3-mlx(ctx=256,d=1)",e05,2.88,356
"parakeet-tdt-0.6b-v3-mlx(ctx=256,d=1)",e05,3.37,369
"parakeet-tdt-0.6b-v3-mlx(ctx=256,d=1)",e05,3.84,388
"parakeet-tdt-0.6b-v3-mlx(ctx=256,d=1)",e05,4.33,397
"parakeet-tdt-0.6b-v3-mlx(ctx=256,d=1)",e05,4.73,397
"parakeet-tdt-0.6b-v3-mlx(ctx=256,d=1)",e06,0.48,315
"parakeet-tdt-0.6b-v3-mlx(ctx=256,d=1)",e06,0.96,279
"parakeet-tdt-0.6b-v3-mlx(ctx=256,d=1)",e06,1.44,297
"parakeet-tdt-0.6b-v3-mlx(ctx=256,d=1)",e06,1.92,312
"parakeet-tdt-0.6b-v3-mlx(ctx=256,d=1)",e06,2.4,328
"parakeet-tdt-0.6b-v3-mlx(ctx=256,d=1)",e06,2.88,348
"parakeet-tdt-0.6b-v3-mlx(ctx=256,d=1)",e06,3.37,349
"parakeet-tdt-0.6b-v3-mlx(ctx=256,d=1)",e06,3.84,370
"parakeet-tdt-0.6b-v3-mlx(ctx=256,d=1)",e06,4.31,368
"parakeet-tdt-0.6b-v3-mlx(ctx=256,d=1)",e07,0.48,314
"parakeet-tdt-0.6b-v3-mlx(ctx=256,d=1)",e07,0.96,278
"parakeet-tdt-0.6b-v3-mlx(ctx=256,d=1)",e07,1.44,291
"parakeet-tdt-0.6b-v3-mlx(ctx=256,d=1)",e07,1.93,304
"parakeet-tdt-0.6b-v3-mlx(ctx=256,d=1)",e07,2.4,318
"parakeet-tdt-0.6b-v3-mlx(ctx=256,d=1)",e07,2.88,341
"parakeet-tdt-0.6b-v3-mlx(ctx=256,d=1)",e07,3.36,350
"parakeet-tdt-0.6b-v3-mlx(ctx=256,d=1)",e07,3.84,347
"parakeet-tdt-0.6b-v3-mlx(ctx=256,d=1)",e07,4.28,357
"parakeet-tdt-0.6b-v3-mlx(ctx=256,d=1)",e08,0.96,284
"parakeet-tdt-0.6b-v3-mlx(ctx=256,d=1)",e08,1.44,302
"parakeet-tdt-0.6b-v3-mlx(ctx=256,d=1)",e08,1.92,302
"parakeet-tdt-0.6b-v3-mlx(ctx=256,d=1)",e08,2.4,318
"parakeet-tdt-0.6b-v3-mlx(ctx=256,d=1)",e08,2.88,324
"parakeet-tdt-0.6b-v3-mlx(ctx=256,d=1)",e08,3.36,339
"parakeet-tdt-0.6b-v3-mlx(ctx=256,d=1)",e08,3.84,355
"parakeet-tdt-0.6b-v3-mlx(ctx=256,d=1)",e08,4.32,375
"parakeet-tdt-0.6b-v3-mlx(ctx=256,d=1)",e08,4.8,391
"parakeet-tdt-0.6b-v3-mlx(ctx=256,d=1)",e08,5.29,402
"parakeet-tdt-0.6b-v3-mlx(ctx=256,d=1)",e08,5.69,399
"parakeet-tdt-0.6b-v3-mlx(ctx=256,d=1)",e09,0.48,324
"parakeet-tdt-0.6b-v3-mlx(ctx=256,d=1)",e09,0.96,286
"parakeet-tdt-0.6b-v3-mlx(ctx=256,d=1)",e09,1.44,301
"parakeet-tdt-0.6b-v3-mlx(ctx=256,d=1)",e09,1.93,318
"parakeet-tdt-0.6b-v3-mlx(ctx=256,d=1)",e09,2.4,313
"parakeet-tdt-0.6b-v3-mlx(ctx=256,d=1)",e09,2.88,341
"parakeet-tdt-0.6b-v3-mlx(ctx=256,d=1)",e09,3.37,367
"parakeet-tdt-0.6b-v3-mlx(ctx=256,d=1)",e09,3.85,390
"parakeet-tdt-0.6b-v3-mlx(ctx=256,d=1)",e09,4.33,388
"parakeet-tdt-0.6b-v3-mlx(ctx=256,d=1)",e09,4.71,391
"parakeet-tdt-0.6b-v3-mlx(ctx=256,d=1)",e10,0.96,280
"parakeet-tdt-0.6b-v3-mlx(ctx=256,d=1)",e10,1.45,302
"parakeet-tdt-0.6b-v3-mlx(ctx=256,d=1)",e10,1.92,313
"parakeet-tdt-0.6b-v3-mlx(ctx=256,d=1)",e10,2.4,316
"parakeet-tdt-0.6b-v3-mlx(ctx=256,d=1)",e10,2.88,325
"parakeet-tdt-0.6b-v3-mlx(ctx=256,d=1)",e10,3.37,346
"parakeet-tdt-0.6b-v3-mlx(ctx=256,d=1)",e10,3.85,362
"parakeet-tdt-0.6b-v3-mlx(ctx=256,d=1)",e10,4.33,389
"parakeet-tdt-0.6b-v3-mlx(ctx=256,d=1)",e10,4.8,385
"parakeet-tdt-0.6b-v3-mlx(ctx=256,d=1)",e10,5.28,405
"parakeet-tdt-0.6b-v3-mlx(ctx=256,d=1)",e10,5.69,405
whisper-large-v3-turbo-mlx(hop=1.0s),h01,0.48,1101
whisper-large-v3-turbo-mlx(hop=1.0s),h01,1.58,1090
whisper-large-v3-turbo-mlx(hop=1.0s),h01,2.67,1080
whisper-large-v3-turbo-mlx(hop=1.0s),h01,3.75,1082
whisper-large-v3-turbo-mlx(hop=1.0s),h01,4.84,1059
whisper-large-v3-turbo-mlx(hop=1.0s),h01,5.89,1088
whisper-large-v3-turbo-mlx(hop=1.0s),h01,6.98,1095
whisper-large-v3-turbo-mlx(hop=1.0s),h01,8.08,1109
whisper-large-v3-turbo-mlx(hop=1.0s),h01,9.19,1120
whisper-large-v3-turbo-mlx(hop=1.0s),h01,10.31,1120
whisper-large-v3-turbo-mlx(hop=1.0s),h01,11.43,1155
whisper-large-v3-turbo-mlx(hop=1.0s),h02,0.48,1095
whisper-large-v3-turbo-mlx(hop=1.0s),h02,1.58,1136
whisper-large-v3-turbo-mlx(hop=1.0s),h02,2.72,1126
whisper-large-v3-turbo-mlx(hop=1.0s),h02,3.84,1053
whisper-large-v3-turbo-mlx(hop=1.0s),h02,4.89,1071
whisper-large-v3-turbo-mlx(hop=1.0s),h02,5.97,1095
whisper-large-v3-turbo-mlx(hop=1.0s),h02,7.06,1143
whisper-large-v3-turbo-mlx(hop=1.0s),h02,8.21,1169
whisper-large-v3-turbo-mlx(hop=1.0s),h02,9.37,1138
whisper-large-v3-turbo-mlx(hop=1.0s),h02,10.51,1101
whisper-large-v3-turbo-mlx(hop=1.0s),h02,11.61,1111
whisper-large-v3-turbo-mlx(hop=1.0s),h02,12.72,1128
whisper-large-v3-turbo-mlx(hop=1.0s),h02,13.85,1138
whisper-large-v3-turbo-mlx(hop=1.0s),h02,14.99,1141
whisper-large-v3-turbo-mlx(hop=1.0s),h02,16.13,1140
whisper-large-v3-turbo-mlx(hop=1.0s),h03,0.48,1038
whisper-large-v3-turbo-mlx(hop=1.0s),h03,1.52,1063
whisper-large-v3-turbo-mlx(hop=1.0s),h03,2.59,1111
whisper-large-v3-turbo-mlx(hop=1.0s),h03,3.7,1122
whisper-large-v3-turbo-mlx(hop=1.0s),h03,4.82,1085
whisper-large-v3-turbo-mlx(hop=1.0s),h03,5.9,1118
whisper-large-v3-turbo-mlx(hop=1.0s),h03,7.02,1181
whisper-large-v3-turbo-mlx(hop=1.0s),h03,8.2,1169
whisper-large-v3-turbo-mlx(hop=1.0s),h03,9.37,1246
whisper-large-v3-turbo-mlx(hop=1.0s),h03,10.62,1244
whisper-large-v3-turbo-mlx(hop=1.0s),h04,0.48,1153
whisper-large-v3-turbo-mlx(hop=1.0s),h04,1.64,1054
whisper-large-v3-turbo-mlx(hop=1.0s),h04,2.69,1066
whisper-large-v3-turbo-mlx(hop=1.0s),h04,3.76,1061
whisper-large-v3-turbo-mlx(hop=1.0s),h04,4.82,1066
whisper-large-v3-turbo-mlx(hop=1.0s),h04,5.89,1097
whisper-large-v3-turbo-mlx(hop=1.0s),h04,6.98,1103
whisper-large-v3-turbo-mlx(hop=1.0s),h04,8.09,1101
whisper-large-v3-turbo-mlx(hop=1.0s),h04,9.19,1105
whisper-large-v3-turbo-mlx(hop=1.0s),h04,10.29,1128
whisper-large-v3-turbo-mlx(hop=1.0s),h04,11.42,1151
whisper-large-v3-turbo-mlx(hop=1.0s),h04,12.57,1171
whisper-large-v3-turbo-mlx(hop=1.0s),h04,13.74,1169
whisper-large-v3-turbo-mlx(hop=1.0s),h04,14.91,1171
whisper-large-v3-turbo-mlx(hop=1.0s),h04,16.08,1178
whisper-large-v3-turbo-mlx(hop=1.0s),h04,17.26,1160
whisper-large-v3-turbo-mlx(hop=1.0s),h04,18.42,1187
whisper-large-v3-turbo-mlx(hop=1.0s),h04,19.61,1210
whisper-large-v3-turbo-mlx(hop=1.0s),h04,20.82,1241
whisper-large-v3-turbo-mlx(hop=1.0s),h05,0.48,1173
whisper-large-v3-turbo-mlx(hop=1.0s),h05,1.66,1164
whisper-large-v3-turbo-mlx(hop=1.0s),h05,2.82,1124
whisper-large-v3-turbo-mlx(hop=1.0s),h05,3.94,1163
whisper-large-v3-turbo-mlx(hop=1.0s),h05,5.11,1286
whisper-large-v3-turbo-mlx(hop=1.0s),h05,6.39,1119
whisper-large-v3-turbo-mlx(hop=1.0s),h05,7.51,1233
whisper-large-v3-turbo-mlx(hop=1.0s),h05,8.75,1198
whisper-large-v3-turbo-mlx(hop=1.0s),h05,9.94,1198
whisper-large-v3-turbo-mlx(hop=1.0s),h05,11.14,1197
whisper-large-v3-turbo-mlx(hop=1.0s),h05,12.34,1196
whisper-large-v3-turbo-mlx(hop=1.0s),h06,0.48,1079
whisper-large-v3-turbo-mlx(hop=1.0s),h06,1.56,1099
whisper-large-v3-turbo-mlx(hop=1.0s),h06,2.66,1106
whisper-large-v3-turbo-mlx(hop=1.0s),h06,3.77,1113
whisper-large-v3-turbo-mlx(hop=1.0s),h06,4.88,1119
whisper-large-v3-turbo-mlx(hop=1.0s),h06,6.0,1139
whisper-large-v3-turbo-mlx(hop=1.0s),h06,7.14,1215
whisper-large-v3-turbo-mlx(hop=1.0s),h06,8.36,1267
whisper-large-v3-turbo-mlx(hop=1.0s),h06,9.62,1261
whisper-large-v3-turbo-mlx(hop=1.0s),h06,10.88,1269
whisper-large-v3-turbo-mlx(hop=1.0s),h06,12.15,1277
whisper-large-v3-turbo-mlx(hop=1.0s),h06,13.43,1275
whisper-large-v3-turbo-mlx(hop=1.0s),h07,0.48,1203
whisper-large-v3-turbo-mlx(hop=1.0s),h07,1.69,1150
whisper-large-v3-turbo-mlx(hop=1.0s),h07,2.84,1220
whisper-large-v3-turbo-mlx(hop=1.0s),h07,4.06,1220
whisper-large-v3-turbo-mlx(hop=1.0s),h07,5.28,1205
whisper-large-v3-turbo-mlx(hop=1.0s),h07,6.48,1267
whisper-large-v3-turbo-mlx(hop=1.0s),h07,7.75,1267
whisper-large-v3-turbo-mlx(hop=1.0s),h07,9.01,1273
whisper-large-v3-turbo-mlx(hop=1.0s),h07,10.29,1269
whisper-large-v3-turbo-mlx(hop=1.0s),h07,11.56,1264
whisper-large-v3-turbo-mlx(hop=1.0s),h07,12.82,1325
whisper-large-v3-turbo-mlx(hop=1.0s),h07,14.15,1355
whisper-large-v3-turbo-mlx(hop=1.0s),h07,15.5,1354
whisper-large-v3-turbo-mlx(hop=1.0s),h07,16.86,1330
whisper-large-v3-turbo-mlx(hop=1.0s),h08,0.48,1188
whisper-large-v3-turbo-mlx(hop=1.0s),h08,1.67,1222
whisper-large-v3-turbo-mlx(hop=1.0s),h08,2.89,1252
whisper-large-v3-turbo-mlx(hop=1.0s),h08,4.14,1273
whisper-large-v3-turbo-mlx(hop=1.0s),h08,5.42,1301
whisper-large-v3-turbo-mlx(hop=1.0s),h08,6.72,1339
whisper-large-v3-turbo-mlx(hop=1.0s),h08,8.06,1365
whisper-large-v3-turbo-mlx(hop=1.0s),h08,9.42,1372
whisper-large-v3-turbo-mlx(hop=1.0s),h08,10.79,1391
whisper-large-v3-turbo-mlx(hop=1.0s),h08,12.19,1420
whisper-large-v3-turbo-mlx(hop=1.0s),h08,13.61,1420
whisper-large-v3-turbo-mlx(hop=1.0s),h08,15.03,1433
whisper-large-v3-turbo-mlx(hop=1.0s),h09,0.48,1278
whisper-large-v3-turbo-mlx(hop=1.0s),h09,1.76,1295
whisper-large-v3-turbo-mlx(hop=1.0s),h09,3.06,1360
whisper-large-v3-turbo-mlx(hop=1.0s),h09,4.42,1325
whisper-large-v3-turbo-mlx(hop=1.0s),h09,5.74,1295
whisper-large-v3-turbo-mlx(hop=1.0s),h09,7.04,1553
whisper-large-v3-turbo-mlx(hop=1.0s),h09,8.59,1482
whisper-large-v3-turbo-mlx(hop=1.0s),h09,10.07,1506
whisper-large-v3-turbo-mlx(hop=1.0s),h09,11.58,1410
whisper-large-v3-turbo-mlx(hop=1.0s),h09,12.99,1497
whisper-large-v3-turbo-mlx(hop=1.0s),h09,14.49,1476
whisper-large-v3-turbo-mlx(hop=1.0s),h10,0.48,1211
whisper-large-v3-turbo-mlx(hop=1.0s),h10,1.69,1348
whisper-large-v3-turbo-mlx(hop=1.0s),h10,3.04,1351
whisper-large-v3-turbo-mlx(hop=1.0s),h10,4.39,1331
whisper-large-v3-turbo-mlx(hop=1.0s),h10,5.72,1493
whisper-large-v3-turbo-mlx(hop=1.0s),h10,7.21,1394
whisper-large-v3-turbo-mlx(hop=1.0s),h10,8.61,1429
whisper-large-v3-turbo-mlx(hop=1.0s),h10,10.04,1415
whisper-large-v3-turbo-mlx(hop=1.0s),h10,11.45,1458
whisper-large-v3-turbo-mlx(hop=1.0s),h10,12.91,1464
whisper-large-v3-turbo-mlx(hop=1.0s),h10,14.37,1513
whisper-large-v3-turbo-mlx(hop=1.0s),h10,15.89,1521
whisper-large-v3-turbo-mlx(hop=1.0s),h10,17.41,1505
whisper-large-v3-turbo-mlx(hop=1.0s),h10,18.91,1501
whisper-large-v3-turbo-mlx(hop=1.0s),h10,20.41,2899
whisper-large-v3-turbo-mlx(hop=1.0s),h10,23.31,1539
whisper-large-v3-turbo-mlx(hop=1.0s),h11,0.48,1254
whisper-large-v3-turbo-mlx(hop=1.0s),h11,1.74,1382
whisper-large-v3-turbo-mlx(hop=1.0s),h11,3.12,1508
whisper-large-v3-turbo-mlx(hop=1.0s),h11,4.63,1490
whisper-large-v3-turbo-mlx(hop=1.0s),h11,6.12,1516
whisper-large-v3-turbo-mlx(hop=1.0s),h11,7.63,1481
whisper-large-v3-turbo-mlx(hop=1.0s),h11,9.12,1479
whisper-large-v3-turbo-mlx(hop=1.0s),h11,10.6,1500
whisper-large-v3-turbo-mlx(hop=1.0s),h11,12.1,1477
whisper-large-v3-turbo-mlx(hop=1.0s),h11,13.57,1523
whisper-large-v3-turbo-mlx(hop=1.0s),h12,0.48,1260
whisper-large-v3-turbo-mlx(hop=1.0s),h12,1.74,1408
whisper-large-v3-turbo-mlx(hop=1.0s),h12,3.15,1405
whisper-large-v3-turbo-mlx(hop=1.0s),h12,4.55,1446
whisper-large-v3-turbo-mlx(hop=1.0s),h12,6.0,1446
whisper-large-v3-turbo-mlx(hop=1.0s),h12,7.45,1437
whisper-large-v3-turbo-mlx(hop=1.0s),h12,8.88,1440
whisper-large-v3-turbo-mlx(hop=1.0s),h12,10.32,1511
whisper-large-v3-turbo-mlx(hop=1.0s),h12,11.84,1468
whisper-large-v3-turbo-mlx(hop=1.0s),h12,13.3,1472
whisper-large-v3-turbo-mlx(hop=1.0s),h12,14.78,1486
whisper-large-v3-turbo-mlx(hop=1.0s),h12,16.26,1480
whisper-large-v3-turbo-mlx(hop=1.0s),h12,17.74,1461
whisper-large-v3-turbo-mlx(hop=1.0s),h13,0.48,1238
whisper-large-v3-turbo-mlx(hop=1.0s),h13,1.72,1446
whisper-large-v3-turbo-mlx(hop=1.0s),h13,3.17,1517
whisper-large-v3-turbo-mlx(hop=1.0s),h13,4.69,1553
whisper-large-v3-turbo-mlx(hop=1.0s),h13,6.24,1480
whisper-large-v3-turbo-mlx(hop=1.0s),h13,7.72,1434
whisper-large-v3-turbo-mlx(hop=1.0s),h13,9.15,1438
whisper-large-v3-turbo-mlx(hop=1.0s),h13,10.59,1501
whisper-large-v3-turbo-mlx(hop=1.0s),h13,12.09,1470
whisper-large-v3-turbo-mlx(hop=1.0s),h13,13.56,1468
whisper-large-v3-turbo-mlx(hop=1.0s),h13,15.03,1517
whisper-large-v3-turbo-mlx(hop=1.0s),h14,0.48,1248
whisper-large-v3-turbo-mlx(hop=1.0s),h14,1.73,1374
whisper-large-v3-turbo-mlx(hop=1.0s),h14,3.1,1440
whisper-large-v3-turbo-mlx(hop=1.0s),h14,4.55,1416
whisper-large-v3-turbo-mlx(hop=1.0s),h14,5.96,1456
whisper-large-v3-turbo-mlx(hop=1.0s),h14,7.42,1459
whisper-large-v3-turbo-mlx(hop=1.0s),h14,8.88,1498
whisper-large-v3-turbo-mlx(hop=1.0s),h14,10.38,1465
whisper-large-v3-turbo-mlx(hop=1.0s),h14,11.84,1502
whisper-large-v3-turbo-mlx(hop=1.0s),h14,13.34,1580
whisper-large-v3-turbo-mlx(hop=1.0s),h14,14.92,1540
whisper-large-v3-turbo-mlx(hop=1.0s),h15,0.48,1236
whisper-large-v3-turbo-mlx(hop=1.0s),h15,1.72,1345
whisper-large-v3-turbo-mlx(hop=1.0s),h15,3.06,1356
whisper-large-v3-turbo-mlx(hop=1.0s),h15,4.42,1399
whisper-large-v3-turbo-mlx(hop=1.0s),h15,5.82,1390
whisper-large-v3-turbo-mlx(hop=1.0s),h15,7.21,1449
whisper-large-v3-turbo-mlx(hop=1.0s),h15,8.66,1440
whisper-large-v3-turbo-mlx(hop=1.0s),h15,10.1,1441
whisper-large-v3-turbo-mlx(hop=1.0s),h15,11.54,1448
whisper-large-v3-turbo-mlx(hop=1.0s),h15,12.99,1471
whisper-large-v3-turbo-mlx(hop=1.0s),h15,14.46,1446
whisper-large-v3-turbo-mlx(hop=1.0s),h15,15.9,1476
whisper-large-v3-turbo-mlx(hop=1.0s),h16,0.48,1237
whisper-large-v3-turbo-mlx(hop=1.0s),h16,1.72,1356
whisper-large-v3-turbo-mlx(hop=1.0s),h16,3.07,1416
whisper-large-v3-turbo-mlx(hop=1.0s),h16,4.49,1421
whisper-large-v3-turbo-mlx(hop=1.0s),h16,5.91,1407
whisper-large-v3-turbo-mlx(hop=1.0s),h16,7.32,1394
whisper-large-v3-turbo-mlx(hop=1.0s),h16,8.71,1422
whisper-large-v3-turbo-mlx(hop=1.0s),h16,10.13,1485
whisper-large-v3-turbo-mlx(hop=1.0s),h16,11.62,1470
whisper-large-v3-turbo-mlx(hop=1.0s),h16,13.09,1492
whisper-large-v3-turbo-mlx(hop=1.0s),h16,14.58,1474
whisper-large-v3-turbo-mlx(hop=1.0s),h16,16.05,1513
whisper-large-v3-turbo-mlx(hop=1.0s),h16,17.57,1502
whisper-large-v3-turbo-mlx(hop=1.0s),h17,0.48,4069
whisper-large-v3-turbo-mlx(hop=1.0s),h17,4.55,1381
whisper-large-v3-turbo-mlx(hop=1.0s),h17,5.93,1401
whisper-large-v3-turbo-mlx(hop=1.0s),h17,7.33,1402
whisper-large-v3-turbo-mlx(hop=1.0s),h17,8.73,1367
whisper-large-v3-turbo-mlx(hop=1.0s),h17,10.1,1375
whisper-large-v3-turbo-mlx(hop=1.0s),h17,11.48,1491
whisper-large-v3-turbo-mlx(hop=1.0s),h17,12.97,1445
whisper-large-v3-turbo-mlx(hop=1.0s),h17,14.41,1455
whisper-large-v3-turbo-mlx(hop=1.0s),h17,15.87,1447
whisper-large-v3-turbo-mlx(hop=1.0s),h17,17.32,1488
whisper-large-v3-turbo-mlx(hop=1.0s),h17,18.8,1492
whisper-large-v3-turbo-mlx(hop=1.0s),h17,20.3,1479
whisper-large-v3-turbo-mlx(hop=1.0s),h17,21.77,1478
whisper-large-v3-turbo-mlx(hop=1.0s),h17,23.25,1505
whisper-large-v3-turbo-mlx(hop=1.0s),h18,0.48,1271
whisper-large-v3-turbo-mlx(hop=1.0s),h18,1.76,1393
whisper-large-v3-turbo-mlx(hop=1.0s),h18,3.15,1388
whisper-large-v3-turbo-mlx(hop=1.0s),h18,4.54,1422
whisper-large-v3-turbo-mlx(hop=1.0s),h18,5.96,1405
whisper-large-v3-turbo-mlx(hop=1.0s),h18,7.37,1452
whisper-large-v3-turbo-mlx(hop=1.0s),h18,8.82,1467
whisper-large-v3-turbo-mlx(hop=1.0s),h18,10.28,1443
whisper-large-v3-turbo-mlx(hop=1.0s),h18,11.73,1483
whisper-large-v3-turbo-mlx(hop=1.0s),h18,13.21,1456
whisper-large-v3-turbo-mlx(hop=1.0s),h19,0.48,8292
whisper-large-v3-turbo-mlx(hop=1.0s),h19,8.78,1413
whisper-large-v3-turbo-mlx(hop=1.0s),h19,10.19,1434
whisper-large-v3-turbo-mlx(hop=1.0s),h19,11.62,1412
whisper-large-v3-turbo-mlx(hop=1.0s),h19,13.04,1388
whisper-large-v3-turbo-mlx(hop=1.0s),h19,14.42,1422
whisper-large-v3-turbo-mlx(hop=1.0s),h19,15.85,1456
whisper-large-v3-turbo-mlx(hop=1.0s),h19,17.3,1450
whisper-large-v3-turbo-mlx(hop=1.0s),h19,18.75,1495
whisper-large-v3-turbo-mlx(hop=1.0s),h19,20.25,1510
whisper-large-v3-turbo-mlx(hop=1.0s),h19,21.76,1471
whisper-large-v3-turbo-mlx(hop=1.0s),h19,23.23,1468
whisper-large-v3-turbo-mlx(hop=1.0s),h20,0.48,1257
whisper-large-v3-turbo-mlx(hop=1.0s),h20,1.74,1356
whisper-large-v3-turbo-mlx(hop=1.0s),h20,3.1,1409
whisper-large-v3-turbo-mlx(hop=1.0s),h20,4.51,1433
whisper-large-v3-turbo-mlx(hop=1.0s),h20,5.94,1443
whisper-large-v3-turbo-mlx(hop=1.0s),h20,7.38,1559
whisper-large-v3-turbo-mlx(hop=1.0s),h20,8.94,1570
whisper-large-v3-turbo-mlx(hop=1.0s),h20,10.51,1541
whisper-large-v3-turbo-mlx(hop=1.0s),h20,12.05,1454
whisper-large-v3-turbo-mlx(hop=1.0s),h20,13.51,1372
whisper-large-v3-turbo-mlx(hop=1.0s),h20,14.88,1416
whisper-large-v3-turbo-mlx(hop=1.0s),t01,0.48,1413
whisper-large-v3-turbo-mlx(hop=1.0s),t01,1.9,1320
whisper-large-v3-turbo-mlx(hop=1.0s),t01,3.22,1350
whisper-large-v3-turbo-mlx(hop=1.0s),t01,4.57,1393
whisper-large-v3-turbo-mlx(hop=1.0s),t01,5.96,1419
whisper-large-v3-turbo-mlx(hop=1.0s),t01,7.38,1570
whisper-large-v3-turbo-mlx(hop=1.0s),t01,8.95,1495
whisper-large-v3-turbo-mlx(hop=1.0s),t01,10.44,1448
whisper-large-v3-turbo-mlx(hop=1.0s),t02,0.48,1693
whisper-large-v3-turbo-mlx(hop=1.0s),t02,2.18,1890
whisper-large-v3-turbo-mlx(hop=1.0s),t02,4.07,1597
whisper-large-v3-turbo-mlx(hop=1.0s),t02,5.67,1603
whisper-large-v3-turbo-mlx(hop=1.0s),t02,7.27,1532
whisper-large-v3-turbo-mlx(hop=1.0s),t02,8.8,1712
whisper-large-v3-turbo-mlx(hop=1.0s),t03,0.48,1366
whisper-large-v3-turbo-mlx(hop=1.0s),t03,1.85,1496
whisper-large-v3-turbo-mlx(hop=1.0s),t03,3.35,1571
whisper-large-v3-turbo-mlx(hop=1.0s),t03,4.92,1627
whisper-large-v3-turbo-mlx(hop=1.0s),t03,6.54,1684
whisper-large-v3-turbo-mlx(hop=1.0s),t03,8.23,1587
whisper-large-v3-turbo-mlx(hop=1.0s),t04,0.48,1233
whisper-large-v3-turbo-mlx(hop=1.0s),t04,1.72,1464
whisper-large-v3-turbo-mlx(hop=1.0s),t04,3.18,1620
whisper-large-v3-turbo-mlx(hop=1.0s),t04,4.8,1520
whisper-large-v3-turbo-mlx(hop=1.0s),t04,6.32,1563
whisper-large-v3-turbo-mlx(hop=1.0s),t04,7.89,1659
whisper-large-v3-turbo-mlx(hop=1.0s),t04,9.54,1802
whisper-large-v3-turbo-mlx(hop=1.0s),t05,0.48,1443
whisper-large-v3-turbo-mlx(hop=1.0s),t05,1.92,1664
whisper-large-v3-turbo-mlx(hop=1.0s),t05,3.59,1517
whisper-large-v3-turbo-mlx(hop=1.0s),t05,5.11,1389
whisper-large-v3-turbo-mlx(hop=1.0s),t05,6.5,1461
whisper-large-v3-turbo-mlx(hop=1.0s),t05,7.96,1460
whisper-large-v3-turbo-mlx(hop=1.0s),t05,9.42,1404
whisper-large-v3-turbo-mlx(hop=1.0s),e01,0.48,1286
whisper-large-v3-turbo-mlx(hop=1.0s),e01,1.77,1509
whisper-large-v3-turbo-mlx(hop=1.0s),e01,3.28,1638
whisper-large-v3-turbo-mlx(hop=1.0s),e01,4.92,1614
whisper-large-v3-turbo-mlx(hop=1.0s),e01,6.53,1553
whisper-large-v3-turbo-mlx(hop=1.0s),e01,8.08,1518
whisper-large-v3-turbo-mlx(hop=1.0s),e01,9.6,1543
whisper-large-v3-turbo-mlx(hop=1.0s),e01,11.14,1567
whisper-large-v3-turbo-mlx(hop=1.0s),e01,12.71,1565
whisper-large-v3-turbo-mlx(hop=1.0s),e02,0.48,1319
whisper-large-v3-turbo-mlx(hop=1.0s),e02,1.8,1465
whisper-large-v3-turbo-mlx(hop=1.0s),e02,3.27,1505
whisper-large-v3-turbo-mlx(hop=1.0s),e02,4.77,1580
whisper-large-v3-turbo-mlx(hop=1.0s),e02,6.35,1591
whisper-large-v3-turbo-mlx(hop=1.0s),e02,7.94,1516
whisper-large-v3-turbo-mlx(hop=1.0s),e02,9.46,1592
whisper-large-v3-turbo-mlx(hop=1.0s),e02,11.05,1514
whisper-large-v3-turbo-mlx(hop=1.0s),e02,12.57,1700
whisper-large-v3-turbo-mlx(hop=1.0s),e02,14.27,1540
whisper-large-v3-turbo-mlx(hop=1.0s),e03,0.48,1269
whisper-large-v3-turbo-mlx(hop=1.0s),e03,1.75,1450
whisper-large-v3-turbo-mlx(hop=1.0s),e03,3.2,1429
whisper-large-v3-turbo-mlx(hop=1.0s),e03,4.63,1456
whisper-large-v3-turbo-mlx(hop=1.0s),e03,6.09,1457
whisper-large-v3-turbo-mlx(hop=1.0s),e03,7.54,1471
whisper-large-v3-turbo-mlx(hop=1.0s),e03,9.02,1467
whisper-large-v3-turbo-mlx(hop=1.0s),e03,10.48,1467
whisper-large-v3-turbo-mlx(hop=1.0s),e03,11.95,1467
whisper-large-v3-turbo-mlx(hop=1.0s),e04,0.48,1250
whisper-large-v3-turbo-mlx(hop=1.0s),e04,1.74,1391
whisper-large-v3-turbo-mlx(hop=1.0s),e04,3.13,1455
whisper-large-v3-turbo-mlx(hop=1.0s),e04,4.58,1456
whisper-large-v3-turbo-mlx(hop=1.0s),e04,6.04,1457
whisper-large-v3-turbo-mlx(hop=1.0s),e04,7.49,1471
whisper-large-v3-turbo-mlx(hop=1.0s),e04,8.97,1483
whisper-large-v3-turbo-mlx(hop=1.0s),e04,10.45,1466
whisper-large-v3-turbo-mlx(hop=1.0s),e05,0.48,1287
whisper-large-v3-turbo-mlx(hop=1.0s),e05,1.77,1388
whisper-large-v3-turbo-mlx(hop=1.0s),e05,3.16,1503
whisper-large-v3-turbo-mlx(hop=1.0s),e05,4.66,1437
whisper-large-v3-turbo-mlx(hop=1.0s),e05,6.1,1462
whisper-large-v3-turbo-mlx(hop=1.0s),e05,7.56,1496
whisper-large-v3-turbo-mlx(hop=1.0s),e05,9.06,1721
whisper-large-v3-turbo-mlx(hop=1.0s),e05,10.78,1553
whisper-large-v3-turbo-mlx(hop=1.0s),e05,12.33,1434
whisper-large-v3-turbo-mlx(hop=1.0s),e05,13.77,1709
whisper-large-v3-turbo-mlx(hop=1.0s),e06,0.48,1288
whisper-large-v3-turbo-mlx(hop=1.0s),e06,1.77,1285
whisper-large-v3-turbo-mlx(hop=1.0s),e06,3.06,1408
whisper-large-v3-turbo-mlx(hop=1.0s),e06,4.47,1462
whisper-large-v3-turbo-mlx(hop=1.0s),e06,5.93,1495
whisper-large-v3-turbo-mlx(hop=1.0s),e06,7.42,1458
whisper-large-v3-turbo-mlx(hop=1.0s),e06,8.88,1481
whisper-large-v3-turbo-mlx(hop=1.0s),e06,10.36,1486
whisper-large-v3-turbo-mlx(hop=1.0s),e06,11.85,1488
whisper-large-v3-turbo-mlx(hop=1.0s),e07,0.48,1306
whisper-large-v3-turbo-mlx(hop=1.0s),e07,1.79,1503
whisper-large-v3-turbo-mlx(hop=1.0s),e07,3.29,1400
whisper-large-v3-turbo-mlx(hop=1.0s),e07,4.69,1556
whisper-large-v3-turbo-mlx(hop=1.0s),e07,6.25,1522
whisper-large-v3-turbo-mlx(hop=1.0s),e07,7.77,1474
whisper-large-v3-turbo-mlx(hop=1.0s),e07,9.25,1502
whisper-large-v3-turbo-mlx(hop=1.0s),e07,10.75,1508
whisper-large-v3-turbo-mlx(hop=1.0s),e07,12.26,1659
whisper-large-v3-turbo-mlx(hop=1.0s),e08,0.48,1354
whisper-large-v3-turbo-mlx(hop=1.0s),e08,1.84,1552
whisper-large-v3-turbo-mlx(hop=1.0s),e08,3.39,1380
whisper-large-v3-turbo-mlx(hop=1.0s),e08,4.77,1429
whisper-large-v3-turbo-mlx(hop=1.0s),e08,6.2,1466
whisper-large-v3-turbo-mlx(hop=1.0s),e08,7.67,1486
whisper-large-v3-turbo-mlx(hop=1.0s),e08,9.15,1492
whisper-large-v3-turbo-mlx(hop=1.0s),e08,10.64,1515
whisper-large-v3-turbo-mlx(hop=1.0s),e08,12.16,1513
whisper-large-v3-turbo-mlx(hop=1.0s),e08,13.67,1523
whisper-large-v3-turbo-mlx(hop=1.0s),e08,15.2,1572
whisper-large-v3-turbo-mlx(hop=1.0s),e08,16.77,1514
whisper-large-v3-turbo-mlx(hop=1.0s),e09,0.48,1265
whisper-large-v3-turbo-mlx(hop=1.0s),e09,1.75,1372
whisper-large-v3-turbo-mlx(hop=1.0s),e09,3.12,1412
whisper-large-v3-turbo-mlx(hop=1.0s),e09,4.53,1447
whisper-large-v3-turbo-mlx(hop=1.0s),e09,5.98,1459
whisper-large-v3-turbo-mlx(hop=1.0s),e09,7.44,1499
whisper-large-v3-turbo-mlx(hop=1.0s),e09,8.94,1462
whisper-large-v3-turbo-mlx(hop=1.0s),e09,10.4,1477
whisper-large-v3-turbo-mlx(hop=1.0s),e09,11.88,1491
whisper-large-v3-turbo-mlx(hop=1.0s),e09,13.37,1489
whisper-large-v3-turbo-mlx(hop=1.0s),e10,0.48,1246
whisper-large-v3-turbo-mlx(hop=1.0s),e10,1.73,1399
whisper-large-v3-turbo-mlx(hop=1.0s),e10,3.13,1423
whisper-large-v3-turbo-mlx(hop=1.0s),e10,4.55,1474
whisper-large-v3-turbo-mlx(hop=1.0s),e10,6.03,1453
whisper-large-v3-turbo-mlx(hop=1.0s),e10,7.48,1462
whisper-large-v3-turbo-mlx(hop=1.0s),e10,8.94,1501
whisper-large-v3-turbo-mlx(hop=1.0s),e10,10.44,1549
whisper-large-v3-turbo-mlx(hop=1.0s),e10,11.99,1505
whisper-large-v3-turbo-mlx(hop=1.0s),e10,13.5,1514
whisper-large-v3-turbo-mlx(hop=1.0s),e10,15.01,1524
whisper-large-v3-turbo-mlx(hop=1.0s),e10,16.54,1527
gigaam-v3-ctc-int8-onnx(hop=0.5s),h01,0.48,37
gigaam-v3-ctc-int8-onnx(hop=0.5s),h01,1.44,68
gigaam-v3-ctc-int8-onnx(hop=0.5s),h01,2.4,78
gigaam-v3-ctc-int8-onnx(hop=0.5s),h01,3.36,80
gigaam-v3-ctc-int8-onnx(hop=0.5s),h01,4.32,107
gigaam-v3-ctc-int8-onnx(hop=0.5s),h01,5.28,119
gigaam-v3-ctc-int8-onnx(hop=0.5s),h02,0.48,32
gigaam-v3-ctc-int8-onnx(hop=0.5s),h02,1.45,62
gigaam-v3-ctc-int8-onnx(hop=0.5s),h02,2.4,81
gigaam-v3-ctc-int8-onnx(hop=0.5s),h02,3.37,96
gigaam-v3-ctc-int8-onnx(hop=0.5s),h02,4.33,108
gigaam-v3-ctc-int8-onnx(hop=0.5s),h02,5.29,113
gigaam-v3-ctc-int8-onnx(hop=0.5s),h02,6.25,133
gigaam-v3-ctc-int8-onnx(hop=0.5s),h02,6.76,139
